{
  "credit": "Made with Blockbench",
  "parent": "builtin/entity",
  "texture_size": [
    32,
    32
  ],
  "display": {
    "ground": {
      "rotation": [
        26.01000000000022,
        -30.139999999999873,
        60.960000000000036
      ],
      "translation": [
        0,
        7.5,
        0
      ],
      "scale": [
        0.63281,
        0.63281,
        0.63281
      ]
    },
    "gui": {
      "rotation": [
        33.51999999999998,
        30.409999999999854,
        -52.590000000000146
      ],
      "translation": [
        -3.75,
        -3.5,
        0
      ],
      "scale": [
        0.47461,
        0.47461,
        0.47461
      ]
    },
    "head": {
      "rotation": [
        112.17000000000007,
        -52.960000000000036,
        -102.51000000000022
      ],
      "translation": [
        0,
        16.75,
        0
      ]
    },
    "fixed": {
      "rotation": [
        -77.86999999999989,
        41.84999999999991,
        81.82000000000016
      ],
      "translation": [
        5.75,
        -6,
        0
      ],
      "scale": [
        0.80469,
        0.80469,
        0.80469
      ]
    },
    "on_shelf": {
      "rotation": [
        -180,
        85,
        -3.25
      ],
      "translation": [
        -0.5,
        -1.25,
        0
      ],
      "scale": [
        0.96484,
        0.96484,
        0.96484
      ]
    }
  }
}